<aetgt:getResponse xmlns:aetgt="http://schemas.active-endpoints.com/appmodules/repository/2010/10/avrepository.xsd"
                   xmlns:types1="http://schemas.active-endpoints.com/appmodules/repository/2010/10/avrepository.xsd">
   <types1:Item>
      <types1:EntryId>wgpbdoPVm5Y6tMF-gt-1155279-2022-07-05T11:17:29.362Z::tf.xml</types1:EntryId>
      <types1:Name>wf_emp_dept_all_transforms</types1:Name>
      <types1:MimeType>application/xml+taskflow</types1:MimeType>
      <types1:Description>Workflow generated by PC2Cloud : wf_emp_dept_all_transforms</types1:Description>
      <types1:AppliesTo/>
      <types1:Tags/>
      <types1:VersionLabel>1.0</types1:VersionLabel>
      <types1:State>CURRENT</types1:State>
      <types1:ProcessGroup/>
      <types1:CreatedBy>skothamasu@gtas_informatica.com</types1:CreatedBy>
      <types1:CreationDate>2022-07-05T11:17:29Z</types1:CreationDate>
      <types1:ModifiedBy/>
      <types1:PublicationStatus>unpublished</types1:PublicationStatus>
      <types1:AutosaveExists>false</types1:AutosaveExists>
      <types1:Entry>
         <taskflow xmlns="http://schemas.active-endpoints.com/appmodules/screenflow/2010/10/avosScreenflow.xsd"
                   xmlns:list="urn:activevos:spi:list:functions"
                   displayName="wf_emp_dept_all_transforms"
                   name="wf_emp_dept_all_transforms"
                   overrideAPIName="false">
            <appliesTo/>
            <description>Workflow generated by PC2Cloud : wf_emp_dept_all_transforms</description>
            <tags/>
            <generator>PC2Cloud Workflow Converter v1</generator>
            <input>
               <parameter name="InputMappingTaskParameterFileDir" type="string">
                  <options>
                     <option name="required">false</option>
                  </options>
               </parameter>
               <parameter name="InputMappingTaskParameterFileName" type="string">
                  <options>
                     <option name="required">false</option>
                  </options>
               </parameter>
            </input>
            <tempFields>
               <field description="" name="s_M_EMP_DEPT_ALL_TRANSFORMS" type="reference">
                  <options>
                     <option name="failOnNotRun">false</option>
                     <option name="failOnFault">false</option>
                     <option name="referenceTo">$po:s-M-EMP-DEPT-ALL-TRANSFORMS</option>
                     <option name="required">false</option>
                     <option name="isCopy">true</option>
                     <option name="guid">e41GQZmbayViMa7fukmZEI</option>
                  </options>
               </field>
               <field description="" name="PMBadFileDir" type="string">
                  <options>
                     <option name="required">false</option>
                     <option name="initialvalue"/>
                  </options>
               </field>
               <field description="" name="PMCacheDir" type="string">
                  <options>
                     <option name="required">false</option>
                     <option name="initialvalue"/>
                  </options>
               </field>
               <field description="" name="PMExtProcDir" type="string">
                  <options>
                     <option name="required">false</option>
                     <option name="initialvalue"/>
                  </options>
               </field>
               <field description="" name="PMFailureEmailUser" type="string">
                  <options>
                     <option name="required">false</option>
                     <option name="initialvalue"/>
                  </options>
               </field>
               <field description="" name="PMFolderName" type="string">
                  <options>
                     <option name="required">false</option>
                     <option name="initialvalue">util:getAssetLocation()</option>
                  </options>
               </field>
               <field description="" name="PMIntegrationServiceName" type="string">
                  <options>
                     <option name="required">false</option>
                     <option name="initialvalue"/>
                  </options>
               </field>
               <field description="" name="PMLookupFileDir" type="string">
                  <options>
                     <option name="required">false</option>
                     <option name="initialvalue"/>
                  </options>
               </field>
               <field description="" name="PMRepositoryServiceName" type="string">
                  <options>
                     <option name="required">false</option>
                     <option name="initialvalue"/>
                  </options>
               </field>
               <field description="" name="PMRepositoryUserName" type="string">
                  <options>
                     <option name="required">false</option>
                     <option name="initialvalue">util:getUserName()</option>
                  </options>
               </field>
               <field description="" name="PMRootDir" type="string">
                  <options>
                     <option name="required">false</option>
                     <option name="initialvalue"/>
                  </options>
               </field>
               <field description="" name="PMSessionLogDir" type="string">
                  <options>
                     <option name="required">false</option>
                     <option name="initialvalue"/>
                  </options>
               </field>
               <field description="" name="PMSourceFileDir" type="string">
                  <options>
                     <option name="required">false</option>
                     <option name="initialvalue"/>
                  </options>
               </field>
               <field description="" name="PMStorageDir" type="string">
                  <options>
                     <option name="required">false</option>
                     <option name="initialvalue"/>
                  </options>
               </field>
               <field description="" name="PMSuccessEmailUser" type="string">
                  <options>
                     <option name="required">false</option>
                     <option name="initialvalue"/>
                  </options>
               </field>
               <field description="" name="PMTargetFileDir" type="string">
                  <options>
                     <option name="required">false</option>
                     <option name="initialvalue"/>
                  </options>
               </field>
               <field description="" name="PMTempDir" type="string">
                  <options>
                     <option name="required">false</option>
                     <option name="initialvalue"/>
                  </options>
               </field>
               <field description="" name="PMWorkflowLogDir" type="string">
                  <options>
                     <option name="required">false</option>
                     <option name="initialvalue"/>
                  </options>
               </field>
               <field description="" name="PMWorkflowName" type="string">
                  <options>
                     <option name="required">false</option>
                     <option name="initialvalue">util:getAssetName()</option>
                  </options>
               </field>
               <field description="" name="PMWorkflowRunId" type="int">
                  <options>
                     <option name="required">false</option>
                     <option name="initialvalue">util:getProcessId()</option>
                  </options>
               </field>
               <field description="" name="PMWorkflowRunInstanceName" type="string">
                  <options>
                     <option name="required">false</option>
                     <option name="initialvalue"/>
                  </options>
               </field>
               <field description="" name="SYSDATE" type="datetime">
                  <options>
                     <option name="required">false</option>
                     <option name="initialvalue">fn:current-date()</option>
                  </options>
               </field>
               <field description="" name="WORKFLOWSTARTTIME" type="datetime">
                  <options>
                     <option name="required">false</option>
                     <option name="initialvalue">util:getInstanceStartTime()</option>
                  </options>
               </field>
            </tempFields>
            <notes/>
            <deployment suspendOnFault="false" tracingLevel="verbose">
               <rest>
                  <allowedGroups>
                     <group>CDI_TFlow_API_group</group>
                  </allowedGroups>
               </rest>
            </deployment>
            <flow id="a">
               <start id="b">
                  <title>Start</title>
                  <link id="l582toiq" targetId="l582toio"/>
               </start>
               <assignment id="l582toio">
                  <title>Assignment_PC_Variables</title>
                  <operation source="constant" to="temp.PMBadFileDir"/>
                  <operation source="constant" to="temp.PMCacheDir"/>
                  <operation source="constant" to="temp.PMExtProcDir"/>
                  <operation source="constant" to="temp.PMFailureEmailUser"/>
                  <operation source="formula" to="temp.PMFolderName">
                     <expression language="XQuery">util:getAssetLocation()</expression>
                  </operation>
                  <operation source="constant" to="temp.PMIntegrationServiceName"/>
                  <operation source="constant" to="temp.PMLookupFileDir"/>
                  <operation source="constant" to="temp.PMRepositoryServiceName"/>
                  <operation source="formula" to="temp.PMRepositoryUserName">
                     <expression language="XQuery">util:getUserName()</expression>
                  </operation>
                  <operation source="constant" to="temp.PMRootDir"/>
                  <operation source="constant" to="temp.PMSessionLogDir"/>
                  <operation source="constant" to="temp.PMSourceFileDir"/>
                  <operation source="constant" to="temp.PMStorageDir"/>
                  <operation source="constant" to="temp.PMSuccessEmailUser"/>
                  <operation source="constant" to="temp.PMTargetFileDir"/>
                  <operation source="constant" to="temp.PMTempDir"/>
                  <operation source="constant" to="temp.PMWorkflowLogDir"/>
                  <operation source="formula" to="temp.PMWorkflowName">
                     <expression language="XQuery">util:getAssetName()</expression>
                  </operation>
                  <operation source="formula" to="temp.PMWorkflowRunId">
                     <expression language="XQuery">util:getProcessId()</expression>
                  </operation>
                  <operation source="constant" to="temp.PMWorkflowRunInstanceName"/>
                  <operation source="formula" to="temp.SYSDATE">
                     <expression language="XQuery">fn:current-date()</expression>
                  </operation>
                  <operation source="formula" to="temp.WORKFLOWSTARTTIME">
                     <expression language="XQuery">util:getInstanceStartTime()</expression>
                  </operation>
                  <link id="l582toir" targetId="l582toik"/>
               </assignment>
               <eventContainer id="l582toik">
                  <service id="l582toil">
                     <title>s_M_EMP_DEPT_ALL_TRANSFORMS</title>
                     <serviceName>ICSExecuteDataTask</serviceName>
                     <serviceGUID/>
                     <serviceInput>
                        <parameter name="Task Name" source="constant" updatable="true">s_M_EMP_DEPT_ALL_TRANSFORMS</parameter>
                        <parameter name="Wait for Task to Complete" source="constant" updatable="true">true</parameter>
                        <parameter name="Max Wait" source="constant" updatable="true">86400</parameter>
                        <parameter name="GUID" source="constant" updatable="true">e41GQZmbayViMa7fukmZEI</parameter>
                        <parameter name="Has Inout Parameters" source="constant" updatable="true">false</parameter>
                        <parameter name="Task Type" source="constant" updatable="true">MCT</parameter>
                        <parameter name="taskField" source="nested">
                           <operation source="field" to="s-M-EMP-DEPT-ALL-TRANSFORMS">temp.s_M_EMP_DEPT_ALL_TRANSFORMS</operation>
                           <operation source="field"
                                      to="s-M-EMP-DEPT-ALL-TRANSFORMS/taskProperties[1]/parameterFileDir">input.InputMappingTaskParameterFileDir</operation>
                           <operation source="field"
                                      to="temp.s_M_EMP_DEPT_ALL_TRANSFORMS[1]/taskProperties[1]/parameterFileDir">input.InputMappingTaskParameterFileDir</operation>
                           <operation source="field"
                                      to="s-M-EMP-DEPT-ALL-TRANSFORMS/taskProperties[1]/parameterFileName">input.InputMappingTaskParameterFileName</operation>
                           <operation source="field"
                                      to="temp.s_M_EMP_DEPT_ALL_TRANSFORMS[1]/taskProperties[1]/parameterFileName">input.InputMappingTaskParameterFileName</operation>
                        </parameter>
                     </serviceInput>
                     <serviceOutput>
                        <operation source="field" to="temp.s_M_EMP_DEPT_ALL_TRANSFORMS/output/Run_Id">Run Id</operation>
                        <operation source="field" to="temp.s_M_EMP_DEPT_ALL_TRANSFORMS/output/Start_Time">Start Time</operation>
                        <operation source="field" to="temp.s_M_EMP_DEPT_ALL_TRANSFORMS/output/End_Time">End Time</operation>
                        <operation source="field" to="temp.s_M_EMP_DEPT_ALL_TRANSFORMS/output/Object_Name">Object Name</operation>
                        <operation source="field" to="temp.s_M_EMP_DEPT_ALL_TRANSFORMS/output/Log_Id">Log Id</operation>
                        <operation source="field" to="temp.s_M_EMP_DEPT_ALL_TRANSFORMS/output/Task_Id">Task Id</operation>
                        <operation source="field" to="temp.s_M_EMP_DEPT_ALL_TRANSFORMS/output/Task_Status">Task Status</operation>
                        <operation source="field"
                                   to="temp.s_M_EMP_DEPT_ALL_TRANSFORMS/output/Success_Source_Rows">Success Source Rows</operation>
                        <operation source="field"
                                   to="temp.s_M_EMP_DEPT_ALL_TRANSFORMS/output/Failed_Source_Rows">Failed Source Rows</operation>
                        <operation source="field"
                                   to="temp.s_M_EMP_DEPT_ALL_TRANSFORMS/output/Success_Target_Rows">Success Target Rows</operation>
                        <operation source="field"
                                   to="temp.s_M_EMP_DEPT_ALL_TRANSFORMS/output/Failed_Target_Rows">Failed Target Rows</operation>
                        <operation source="field"
                                   to="temp.s_M_EMP_DEPT_ALL_TRANSFORMS/output/Error_Message">Error Message</operation>
                        <operation source="field"
                                   to="temp.s_M_EMP_DEPT_ALL_TRANSFORMS/output/TotalTransErrors">Total Transformation Errors</operation>
                        <operation source="field"
                                   to="temp.s_M_EMP_DEPT_ALL_TRANSFORMS/output/FirstErrorCode">First Error Code</operation>
                     </serviceOutput>
                  </service>
                  <link id="l582toit" targetId="c"/>
                  <events>
                     <catch faultField="temp.s_M_EMP_DEPT_ALL_TRANSFORMS/fault"
                            id="l582toim"
                            interrupting="true"
                            name="error"/>
                     <catch faultField="temp.s_M_EMP_DEPT_ALL_TRANSFORMS/fault"
                            id="l582toin"
                            interrupting="true"
                            name="warning"/>
                  </events>
               </eventContainer>
               <end id="c"/>
            </flow>
            <dependencies>
               <processObject xmlns="http://schemas.active-endpoints.com/appmodules/screenflow/2011/06/avosHostEnvironment.xsd"
                              xmlns:processObject="http://schemas.active-endpoints.com/appmodules/screenflow/2011/06/avosHostEnvironment.xsd"
                              displayName="s-M-EMP-DEPT-ALL-TRANSFORMS"
                              isByCopy="true"
                              name="s-M-EMP-DEPT-ALL-TRANSFORMS">
                  <description/>
                  <tags/>
                  <detail>
                     <field label="Input Parameters" name="input" type="reference"/>
                     <field label="InOut Parameters" name="inout" type="reference"/>
                     <field label="TaskProperties Parameters"
                            name="taskProperties"
                            type="reference"/>
                     <field label="Output Parameters" name="output" type="reference"/>
                     <field label="Fault" name="fault" type="reference"/>
                  </detail>
               </processObject>
            </dependencies>
         </taskflow>
      </types1:Entry>
      <types1:GUID>6yxyZZ8XE3ej8blZwNjvEt</types1:GUID>
      <types1:DisplayName>wf_emp_dept_all_transforms</types1:DisplayName>
   </types1:Item>
   <types1:CurrentServerDateTime>2022-10-27T10:00:42.623Z</types1:CurrentServerDateTime>
</aetgt:getResponse>
