objectPath,objectName,objectType,id
/Explore/INFA_PCRS/GTAS_Swetha,dmt_UC_2_S3_Redshift_Oracle_Person_Enterprise,BATCH_MAPPING,8EYYDSA8C1WcTGghjIeEQB
/Explore/INFA_PCRS/GTAS_Swetha,s_M_EMP_DEPT_ALL_TRANSFORMS,MTT,e41GQZmbayViMa7fukmZEI
/Explore/INFA_PCRS/GTAS_Swetha,wf_emp_dept_all_transforms,TASKFLOW,6yxyZZ8XE3ej8blZwNjvEt
/Explore/INFA_PCRS/GTAS_Swetha,M_EMP_DEPT_ALL_TRANSFORMS,DTEMPLATE,5gLg2GU5v8Fb2Yig6kTBUe
/SYS,EC2AMAZ-73S4AQE,AgentGroup,4x7EvfAAqYYeWsOJ2VB3UE
/SYS,GTAS_Oracle,Connection,2ZfvcH1kappkhv7gPWIiYF
/Explore/INFA_PCRS,GTAS_Swetha,Folder,4CqaA7g4bGgbuHjpPhCiue
/Explore/INFA_PCRS/GTAS_Swetha,m_UC_2_S3_Redshift_Oracle_Person_Enterprise,DTEMPLATE,adM8gNsENoEhJZRpZM1F6r
/SYS,Oracle_DB,Connection,3FxHzf2fUQob5iQ1ax3xah
/Explore,INFA_PCRS,Project,5WuenNtBp2JiqKGy0wD0yq
/SYS,D__Informatica_10.2.0_server_infa_shared_SrcFiles,Connection,4iunL5MqB8yhBpNpm4nHsV
/SYS,GTA_Redshift_connection,Connection,bSS7EHP17A2eNqe7Pwizgb
/Explore/INFA_PCRS/GTAS_Swetha,MappingTask_S3_Oracle,MTT,7KW4Gd2ar0gjsVDKDLgqcn
/SYS,S3_GTAS,Connection,5FdByK1tgnHc5oqh8HbbaO
/Explore/INFA_PCRS/GTAS_Swetha,m_UC_1_AWS_Person_Enterprise,DTEMPLATE,169tVc2O13hgzoBHusFTQl