{
  "name" : "job-1666864834176",
  "sourceOrgId" : "1ahFrxqCyzmkxO2FNNDMqf",
  "sourceOrgName" : "Informatica-GTAS",
  "exportedObjects" : [ {
    "objectGuid" : "8EYYDSA8C1WcTGghjIeEQB",
    "objectName" : "dmt_UC_2_S3_Redshift_Oracle_Person_Enterprise",
    "objectType" : "BATCH_MAPPING",
    "path" : "/Explore/INFA_PCRS/GTAS_Swetha",
    "metadata" : {
      "modelVersion" : {
        "major" : 1,
        "minor" : 0
      },
      "repoInfo" : {
        "repoHandle" : "6yGZip0PSswgWiq5HkusGN"
      },
      "objectRefs" : [ "4x7EvfAAqYYeWsOJ2VB3UE", "bSS7EHP17A2eNqe7Pwizgb", "2ZfvcH1kappkhv7gPWIiYF", "adM8gNsENoEhJZRpZM1F6r", "5FdByK1tgnHc5oqh8HbbaO" ],
      "contextAttributes" : [ ],
      "additionalInfo" : {
        "description" : "Read data from S3 Enterprise and write to two different target endpoints i.e Redshift and Oracle using parameters ",
        "contentType" : "application/json; charset=utf-8",
        "documentState" : "VALID"
      }
    }
  }, {
    "objectGuid" : "e41GQZmbayViMa7fukmZEI",
    "objectName" : "s_M_EMP_DEPT_ALL_TRANSFORMS",
    "objectType" : "MTT",
    "path" : "/Explore/INFA_PCRS/GTAS_Swetha",
    "metadata" : {
      "modelVersion" : {
        "major" : 0,
        "minor" : 0
      },
      "repoInfo" : {
        "repoHandle" : "0114SZ0Z0000000000GG"
      },
      "objectRefs" : [ "3FxHzf2fUQob5iQ1ax3xah", "4x7EvfAAqYYeWsOJ2VB3UE", "5gLg2GU5v8Fb2Yig6kTBUe", "4iunL5MqB8yhBpNpm4nHsV" ],
      "contextAttributes" : [ {
        "name" : "id",
        "value" : "@1"
      } ],
      "additionalInfo" : {
        "description" : "Session pushed from PC to ICS : s_M_EMP_DEPT_ALL_TRANSFORMS",
        "contentType" : "JSON",
        "documentState" : "VALID"
      }
    }
  }, {
    "objectGuid" : "6yxyZZ8XE3ej8blZwNjvEt",
    "objectName" : "wf_emp_dept_all_transforms",
    "objectType" : "TASKFLOW",
    "path" : "/Explore/INFA_PCRS/GTAS_Swetha",
    "metadata" : {
      "modelVersion" : {
        "major" : 1,
        "minor" : 0
      },
      "repoInfo" : {
        "repoHandle" : "wgpbdoPVm5Y6tMF-gt-1155279-2022-07-05T11:17:29.362Z::tf.xml"
      },
      "objectRefs" : [ "e41GQZmbayViMa7fukmZEI" ],
      "contextAttributes" : null,
      "additionalInfo" : {
        "description" : "Workflow generated by PC2Cloud : wf_emp_dept_all_transforms",
        "contentType" : "application/json; charset=utf-8",
        "documentState" : "VALID"
      }
    }
  }, {
    "objectGuid" : "5gLg2GU5v8Fb2Yig6kTBUe",
    "objectName" : "M_EMP_DEPT_ALL_TRANSFORMS",
    "objectType" : "DTEMPLATE",
    "path" : "/Explore/INFA_PCRS/GTAS_Swetha",
    "metadata" : {
      "modelVersion" : {
        "major" : 0,
        "minor" : 0
      },
      "repoInfo" : {
        "repoHandle" : "0114SZ170000000000BV"
      },
      "objectRefs" : [ ],
      "contextAttributes" : [ {
        "name" : "id",
        "value" : "@1"
      } ],
      "additionalInfo" : {
        "description" : "Mapping pushed from PC to ICS : M_EMP_DEPT_ALL_TRANSFORMS",
        "contentType" : "JSON",
        "documentState" : "VALID"
      }
    }
  }, {
    "objectGuid" : "4x7EvfAAqYYeWsOJ2VB3UE",
    "objectName" : "EC2AMAZ-73S4AQE",
    "objectType" : "AgentGroup",
    "path" : "/SYS",
    "metadata" : {
      "modelVersion" : {
        "major" : 0,
        "minor" : 0
      },
      "repoInfo" : {
        "repoHandle" : "0114SZ25000000000003"
      },
      "objectRefs" : [ ],
      "contextAttributes" : [ {
        "name" : "id",
        "value" : "@1"
      } ],
      "additionalInfo" : {
        "description" : null,
        "contentType" : "JSON",
        "documentState" : "VALID"
      }
    }
  }, {
    "objectGuid" : "2ZfvcH1kappkhv7gPWIiYF",
    "objectName" : "GTAS_Oracle",
    "objectType" : "Connection",
    "path" : "/SYS",
    "metadata" : {
      "modelVersion" : {
        "major" : 0,
        "minor" : 0
      },
      "repoInfo" : {
        "repoHandle" : "0114SZ0B000000000050"
      },
      "objectRefs" : [ "4x7EvfAAqYYeWsOJ2VB3UE" ],
      "contextAttributes" : [ {
        "name" : "id",
        "value" : "@1"
      } ],
      "additionalInfo" : {
        "description" : null,
        "contentType" : "JSON",
        "documentState" : "COMPLETE"
      }
    }
  }, {
    "objectGuid" : "4CqaA7g4bGgbuHjpPhCiue",
    "objectName" : "GTAS_Swetha",
    "objectType" : "Folder",
    "path" : "/Explore/INFA_PCRS",
    "metadata" : {
      "modelVersion" : {
        "major" : 0,
        "minor" : 0
      },
      "repoInfo" : null,
      "objectRefs" : [ ],
      "contextAttributes" : [ ],
      "additionalInfo" : {
        "description" : "",
        "contentType" : "Binary",
        "documentState" : "COMPLETE"
      }
    }
  }, {
    "objectGuid" : "adM8gNsENoEhJZRpZM1F6r",
    "objectName" : "m_UC_2_S3_Redshift_Oracle_Person_Enterprise",
    "objectType" : "DTEMPLATE",
    "path" : "/Explore/INFA_PCRS/GTAS_Swetha",
    "metadata" : {
      "modelVersion" : {
        "major" : 0,
        "minor" : 0
      },
      "repoInfo" : {
        "repoHandle" : "0114SZ170000000000Z3"
      },
      "objectRefs" : [ ],
      "contextAttributes" : [ {
        "name" : "id",
        "value" : "@1"
      } ],
      "additionalInfo" : {
        "description" : "Read data from S3 Enterprise and write to Redshift using parameters for source connection for test and QA",
        "contentType" : "JSON",
        "documentState" : "VALID"
      }
    }
  }, {
    "objectGuid" : "3FxHzf2fUQob5iQ1ax3xah",
    "objectName" : "Oracle_DB",
    "objectType" : "Connection",
    "path" : "/SYS",
    "metadata" : {
      "modelVersion" : {
        "major" : 0,
        "minor" : 0
      },
      "repoInfo" : {
        "repoHandle" : "0114SZ0B000000000031"
      },
      "objectRefs" : [ "4x7EvfAAqYYeWsOJ2VB3UE" ],
      "contextAttributes" : [ {
        "name" : "id",
        "value" : "@1"
      } ],
      "additionalInfo" : {
        "description" : null,
        "contentType" : "JSON",
        "documentState" : "COMPLETE"
      }
    }
  }, {
    "objectGuid" : "5WuenNtBp2JiqKGy0wD0yq",
    "objectName" : "INFA_PCRS",
    "objectType" : "Project",
    "path" : "/Explore",
    "metadata" : {
      "modelVersion" : {
        "major" : 0,
        "minor" : 0
      },
      "repoInfo" : null,
      "objectRefs" : [ ],
      "contextAttributes" : [ ],
      "additionalInfo" : {
        "description" : "Migrated project",
        "contentType" : "Binary",
        "documentState" : "COMPLETE"
      }
    }
  }, {
    "objectGuid" : "4iunL5MqB8yhBpNpm4nHsV",
    "objectName" : "D__Informatica_10.2.0_server_infa_shared_SrcFiles",
    "objectType" : "Connection",
    "path" : "/SYS",
    "metadata" : {
      "modelVersion" : {
        "major" : 0,
        "minor" : 0
      },
      "repoInfo" : {
        "repoHandle" : "0114SZ0B000000000032"
      },
      "objectRefs" : [ "4x7EvfAAqYYeWsOJ2VB3UE" ],
      "contextAttributes" : [ {
        "name" : "id",
        "value" : "@1"
      } ],
      "additionalInfo" : {
        "description" : null,
        "contentType" : "JSON",
        "documentState" : "COMPLETE"
      }
    }
  }, {
    "objectGuid" : "bSS7EHP17A2eNqe7Pwizgb",
    "objectName" : "GTA_Redshift_connection",
    "objectType" : "Connection",
    "path" : "/SYS",
    "metadata" : {
      "modelVersion" : {
        "major" : 0,
        "minor" : 0
      },
      "repoInfo" : {
        "repoHandle" : "0114SZ0B00000000001K"
      },
      "objectRefs" : [ "4x7EvfAAqYYeWsOJ2VB3UE" ],
      "contextAttributes" : [ {
        "name" : "id",
        "value" : "@1"
      } ],
      "additionalInfo" : {
        "description" : "AWS Redshift connection",
        "contentType" : "JSON",
        "documentState" : "COMPLETE"
      }
    }
  }, {
    "objectGuid" : "7KW4Gd2ar0gjsVDKDLgqcn",
    "objectName" : "MappingTask_S3_Oracle",
    "objectType" : "MTT",
    "path" : "/Explore/INFA_PCRS/GTAS_Swetha",
    "metadata" : {
      "modelVersion" : {
        "major" : 0,
        "minor" : 0
      },
      "repoInfo" : {
        "repoHandle" : "0114SZ0Z0000000002KE"
      },
      "objectRefs" : [ "4x7EvfAAqYYeWsOJ2VB3UE", "2ZfvcH1kappkhv7gPWIiYF", "5FdByK1tgnHc5oqh8HbbaO", "169tVc2O13hgzoBHusFTQl" ],
      "contextAttributes" : [ {
        "name" : "id",
        "value" : "@1"
      } ],
      "additionalInfo" : {
        "description" : "",
        "contentType" : "JSON",
        "documentState" : "VALID"
      }
    }
  }, {
    "objectGuid" : "5FdByK1tgnHc5oqh8HbbaO",
    "objectName" : "S3_GTAS",
    "objectType" : "Connection",
    "path" : "/SYS",
    "metadata" : {
      "modelVersion" : {
        "major" : 0,
        "minor" : 0
      },
      "repoInfo" : {
        "repoHandle" : "0114SZ0B00000000002Z"
      },
      "objectRefs" : [ "4x7EvfAAqYYeWsOJ2VB3UE" ],
      "contextAttributes" : [ {
        "name" : "id",
        "value" : "@1"
      } ],
      "additionalInfo" : {
        "description" : "Amazon S3",
        "contentType" : "JSON",
        "documentState" : "COMPLETE"
      }
    }
  }, {
    "objectGuid" : "169tVc2O13hgzoBHusFTQl",
    "objectName" : "m_UC_1_AWS_Person_Enterprise",
    "objectType" : "DTEMPLATE",
    "path" : "/Explore/INFA_PCRS/GTAS_Swetha",
    "metadata" : {
      "modelVersion" : {
        "major" : 0,
        "minor" : 0
      },
      "repoInfo" : {
        "repoHandle" : "0114SZ170000000000YZ"
      },
      "objectRefs" : [ ],
      "contextAttributes" : [ {
        "name" : "id",
        "value" : "@1"
      } ],
      "additionalInfo" : {
        "description" : "Read data from S3 Enterprise and write to Redshift using parameters for source connection for test and QA",
        "contentType" : "JSON",
        "documentState" : "VALID"
      }
    }
  } ]
}