[{"@type":"mappingTemplate","id":"@1","name":"m_load_employee_to_master","description":"","bundleVersion":"0","templateId":"@3","deployTime":1666181959000,"hasParameters":false,"valid":true,"fixedConnection":true,"hasParametersDeployed":false,"fixedConnectionDeployed":true,"tasks":1,"mappingPreviewFileRecordId":"@2","documentType":"","references":[{"@type":"reference","refObjectId":"@8mcNo65f9bii6dzfwTKqoD","refType":"mappletTemplate"},{"@type":"reference","refObjectId":"@2DR1cvr21iEbPrghRmO7OS","refType":"connection"}]}]